,date,Malicious_IP,customers,mitigation
0,2025-08-27 08:37:01,139.87.112.128,Customer_63,mitigation_2890
1,2025-07-14 14:16:51,114.43.150.211,Customer_10,mitigation_1438
2,2025-07-14 14:16:33,117.158.103.107,Customer_10,mitigation_1438
3,2025-07-14 14:14:02,207.90.244.20,Customer_10,mitigation_1438
4,2025-07-14 14:17:24,207.90.244.25,Customer_10,mitigation_1438
5,2025-07-29 09:01:28,46.186.134.33,Customer_10,mitigation_1951
6,2025-07-29 09:42:40,117.26.110.203,Customer_10,mitigation_1951
7,2025-07-29 09:58:40,178.161.104.92,Customer_10,mitigation_1951
8,2025-07-29 09:11:05,216.126.86.40,Customer_10,mitigation_1953
9,2025-08-05 08:30:04,2.16.130.65,Customer_10,mitigation_2179
10,2025-08-05 08:27:05,23.61.199.64,Customer_10,mitigation_2179
11,2025-08-05 08:28:16,95.100.173.67,Customer_10,mitigation_2179
12,2025-08-05 08:37:42,95.100.174.66,Customer_10,mitigation_2179
13,2025-08-05 08:26:37,183.196.109.104,Customer_10,mitigation_2179
14,2025-08-05 08:26:49,184.85.248.65,Customer_10,mitigation_2179
15,2025-08-05 08:28:54,193.108.91.254,Customer_10,mitigation_2179
16,2025-08-12 08:06:24,2.16.130.65,Customer_10,mitigation_2398
17,2025-08-12 08:02:07,23.61.199.64,Customer_10,mitigation_2398
18,2025-08-12 08:02:21,95.100.173.67,Customer_10,mitigation_2398
19,2025-08-12 08:03:27,95.100.174.66,Customer_10,mitigation_2398
20,2025-08-12 08:10:59,104.195.12.36,Customer_10,mitigation_2398
21,2025-08-12 08:03:53,184.85.248.65,Customer_10,mitigation_2398
22,2025-08-12 08:04:44,193.108.91.254,Customer_10,mitigation_2398
23,2025-08-12 08:44:01,2.16.130.65,Customer_10,mitigation_2401
24,2025-08-12 08:44:33,23.61.199.64,Customer_10,mitigation_2401
25,2025-08-12 08:43:51,95.100.173.67,Customer_10,mitigation_2401
26,2025-08-12 08:43:53,95.100.174.66,Customer_10,mitigation_2401
27,2025-08-12 08:43:58,184.85.248.65,Customer_10,mitigation_2401
28,2025-08-12 08:46:47,190.55.22.174,Customer_10,mitigation_2401
29,2025-08-12 08:43:18,193.108.91.254,Customer_10,mitigation_2401
30,2025-08-12 15:13:38,161.35.64.124,Customer_10,mitigation_2410
31,2025-08-12 14:29:59,180.103.42.190,Customer_10,mitigation_2410
32,2025-08-14 20:59:03,4.2.2.2,Customer_10,mitigation_2489
33,2025-08-14 20:59:02,4.2.2.3,Customer_10,mitigation_2489
34,2025-08-14 21:00:31,114.114.114.114,Customer_10,mitigation_2489
35,2025-08-19 08:31:37,2.16.130.65,Customer_10,mitigation_2596
36,2025-08-19 08:37:48,23.61.199.64,Customer_10,mitigation_2596
37,2025-08-19 08:31:58,94.72.113.2,Customer_10,mitigation_2596
38,2025-08-19 08:47:27,95.100.173.67,Customer_10,mitigation_2596
39,2025-08-19 08:44:16,95.100.174.66,Customer_10,mitigation_2596
40,2025-08-19 08:31:56,162.243.53.14,Customer_10,mitigation_2596
41,2025-08-19 08:31:02,184.85.248.65,Customer_10,mitigation_2596
42,2025-08-19 08:39:32,193.108.91.254,Customer_10,mitigation_2596
43,2025-08-19 23:58:25,60.212.227.240,Customer_10,mitigation_2621
44,2025-08-20 00:29:33,45.234.232.60,Customer_10,mitigation_2622
45,2025-08-20 01:54:33,58.11.20.40,Customer_10,mitigation_2622
46,2025-08-20 02:27:42,89.67.73.111,Customer_10,mitigation_2622
47,2025-08-20 01:51:25,101.108.1.212,Customer_10,mitigation_2622
48,2025-08-20 03:10:13,115.63.33.49,Customer_10,mitigation_2622
49,2025-08-20 02:03:47,183.23.133.50,Customer_10,mitigation_2622
50,2025-08-20 03:26:42,183.23.137.208,Customer_10,mitigation_2622
51,2025-08-20 01:32:34,39.80.21.28,Customer_10,mitigation_2625
52,2025-08-22 06:50:28,2.16.130.65,Customer_10,mitigation_2714
53,2025-08-22 06:42:21,23.61.199.64,Customer_10,mitigation_2714
54,2025-08-22 06:55:43,95.100.173.67,Customer_10,mitigation_2714
55,2025-08-22 06:37:57,95.100.174.66,Customer_10,mitigation_2714
56,2025-08-22 06:44:56,184.85.248.65,Customer_10,mitigation_2714
57,2025-08-22 06:47:18,193.108.91.254,Customer_10,mitigation_2714
58,2025-08-22 07:00:04,2.16.130.65,Customer_10,mitigation_2715
59,2025-08-22 06:59:56,23.61.199.64,Customer_10,mitigation_2715
60,2025-08-22 07:00:32,95.100.173.67,Customer_10,mitigation_2715
61,2025-08-22 07:00:41,95.100.174.66,Customer_10,mitigation_2715
62,2025-08-22 07:01:03,184.85.248.65,Customer_10,mitigation_2715
63,2025-08-22 07:02:31,193.108.91.254,Customer_10,mitigation_2715
64,2025-08-22 10:56:19,95.100.174.66,Customer_10,mitigation_2718
65,2025-08-25 06:14:52,2.16.130.65,Customer_10,mitigation_2815
66,2025-08-25 06:12:55,23.61.199.64,Customer_10,mitigation_2815
67,2025-08-25 06:18:19,95.100.173.67,Customer_10,mitigation_2815
68,2025-08-25 06:19:46,95.100.174.66,Customer_10,mitigation_2815
69,2025-08-25 06:11:20,184.85.248.65,Customer_10,mitigation_2815
70,2025-08-25 06:14:37,193.108.91.254,Customer_10,mitigation_2815
71,2025-08-25 11:25:46,2.16.130.65,Customer_10,mitigation_2821
72,2025-08-25 11:25:48,23.61.199.64,Customer_10,mitigation_2821
73,2025-08-25 10:59:14,67.58.98.67,Customer_10,mitigation_2821
74,2025-08-25 11:27:18,95.100.173.67,Customer_10,mitigation_2821
75,2025-08-25 11:27:29,95.100.174.66,Customer_10,mitigation_2821
76,2025-08-25 11:03:28,175.165.113.167,Customer_10,mitigation_2821
77,2025-08-25 11:25:43,184.85.248.65,Customer_10,mitigation_2821
78,2025-08-25 11:27:08,187.110.164.4,Customer_10,mitigation_2821
79,2025-08-25 11:26:10,193.108.91.254,Customer_10,mitigation_2821
80,2025-08-26 10:51:12,193.108.91.254,Customer_10,mitigation_2849
81,2025-08-26 11:04:20,2.16.130.65,Customer_10,mitigation_2853
82,2025-08-26 11:02:02,23.61.199.64,Customer_10,mitigation_2853
83,2025-08-26 11:05:46,95.100.173.67,Customer_10,mitigation_2853
84,2025-08-26 11:03:08,95.100.174.66,Customer_10,mitigation_2853
85,2025-08-26 11:03:45,184.85.248.65,Customer_10,mitigation_2853
86,2025-08-26 11:02:35,193.108.91.254,Customer_10,mitigation_2853
87,2025-08-27 00:46:51,116.115.4.197,Customer_10,mitigation_2872
88,2025-08-27 01:23:18,176.235.182.125,Customer_10,mitigation_2872
89,2025-08-26 22:12:29,182.93.58.234,Customer_10,mitigation_2872
90,2025-08-27 03:08:47,183.23.129.75,Customer_10,mitigation_2872
91,2025-08-26 22:33:51,222.182.123.43,Customer_10,mitigation_2872
92,2025-08-28 07:08:43,103.122.0.242,Customer_10,mitigation_2900
93,2025-08-28 07:08:31,2.16.130.65,Customer_10,mitigation_2901
94,2025-08-28 07:05:06,23.61.199.64,Customer_10,mitigation_2901
95,2025-08-28 07:03:20,95.100.173.67,Customer_10,mitigation_2901
96,2025-08-28 07:06:55,95.100.174.66,Customer_10,mitigation_2901
97,2025-08-28 07:05:35,184.85.248.65,Customer_10,mitigation_2901
98,2025-08-28 07:06:24,193.108.91.254,Customer_10,mitigation_2901
99,2025-08-28 17:31:49,5.206.24.192,Customer_10,mitigation_2902
100,2025-08-29 02:20:40,111.179.172.253,Customer_10,mitigation_2902
101,2025-08-28 16:11:17,115.46.159.153,Customer_10,mitigation_2902
102,2025-08-28 22:28:08,120.33.192.2,Customer_10,mitigation_2902
103,2025-08-28 14:03:10,121.61.99.123,Customer_10,mitigation_2902
104,2025-08-29 05:10:28,121.232.178.72,Customer_10,mitigation_2902
105,2025-08-28 23:54:03,123.97.47.30,Customer_10,mitigation_2902
106,2025-08-28 09:00:03,124.130.173.58,Customer_10,mitigation_2902
107,2025-08-28 19:01:59,140.237.45.86,Customer_10,mitigation_2902
108,2025-08-28 21:53:03,171.36.249.186,Customer_10,mitigation_2902
109,2025-08-28 12:35:12,175.0.70.63,Customer_10,mitigation_2902
110,2025-08-28 21:22:40,175.9.40.84,Customer_10,mitigation_2902
111,2025-08-29 14:49:08,175.165.113.167,Customer_10,mitigation_2902
112,2025-08-28 10:14:46,182.118.186.219,Customer_10,mitigation_2902
113,2025-08-28 12:08:16,182.126.91.136,Customer_10,mitigation_2902
114,2025-08-28 18:55:37,183.95.168.1,Customer_10,mitigation_2902
115,2025-08-29 01:11:06,219.156.146.20,Customer_10,mitigation_2902
116,2025-08-28 10:20:06,222.182.123.29,Customer_10,mitigation_2902
117,2025-08-29 04:53:05,2.16.130.65,Customer_10,mitigation_2921
118,2025-08-29 04:55:35,23.61.199.64,Customer_10,mitigation_2921
119,2025-08-29 05:02:20,81.177.125.9,Customer_10,mitigation_2921
120,2025-08-29 05:00:38,94.72.113.2,Customer_10,mitigation_2921
121,2025-08-29 04:55:21,95.100.173.67,Customer_10,mitigation_2921
122,2025-08-29 04:54:34,95.100.174.66,Customer_10,mitigation_2921
123,2025-08-29 04:53:48,184.85.248.65,Customer_10,mitigation_2921
124,2025-08-29 04:53:12,193.108.91.254,Customer_10,mitigation_2921
125,2025-08-29 10:20:59,2.16.130.65,Customer_10,mitigation_2929
126,2025-08-29 10:37:21,23.61.199.64,Customer_10,mitigation_2929
127,2025-08-29 10:33:49,95.100.173.67,Customer_10,mitigation_2929
128,2025-08-29 10:20:24,95.100.174.66,Customer_10,mitigation_2929
129,2025-08-29 10:40:14,138.94.232.226,Customer_10,mitigation_2929
130,2025-08-29 10:15:06,184.85.248.65,Customer_10,mitigation_2929
131,2025-08-29 10:20:48,193.108.91.254,Customer_10,mitigation_2929
132,2025-08-29 11:27:35,2.16.130.65,Customer_10,mitigation_2931
133,2025-08-29 11:15:56,23.61.199.64,Customer_10,mitigation_2931
134,2025-08-29 11:25:53,95.100.173.67,Customer_10,mitigation_2931
135,2025-08-29 11:21:39,95.100.174.66,Customer_10,mitigation_2931
136,2025-08-29 11:14:11,184.85.248.65,Customer_10,mitigation_2931
137,2025-08-29 11:28:09,193.108.91.254,Customer_10,mitigation_2931
138,2025-09-01 09:37:40,117.24.217.231,Customer_10,mitigation_2969
139,2025-09-02 09:49:07,103.115.164.90,Customer_10,mitigation_2981
140,2025-09-02 14:42:10,119.99.239.237,Customer_10,mitigation_2993
141,2025-09-02 15:41:11,222.182.123.82,Customer_10,mitigation_2994
142,2025-09-03 03:39:46,222.182.123.82,Customer_10,mitigation_3000
143,2025-09-03 05:31:49,47.250.138.220,Customer_10,mitigation_3001
144,2025-09-03 08:31:00,52.208.98.246,Customer_10,mitigation_3001
145,2025-09-03 09:12:10,60.162.84.231,Customer_10,mitigation_3001
146,2025-09-03 06:01:39,64.62.197.202,Customer_10,mitigation_3001
147,2025-09-03 06:56:40,183.23.135.58,Customer_10,mitigation_3001
148,2025-09-03 07:05:35,104.195.12.36,Customer_10,mitigation_3007
149,2025-09-03 07:36:57,64.62.156.154,Customer_10,mitigation_3008
150,2025-09-03 08:02:41,116.210.24.168,Customer_10,mitigation_3010
151,2025-09-03 09:18:46,42.83.147.35,Customer_10,mitigation_3013
152,2025-09-03 12:53:17,183.94.33.15,Customer_10,mitigation_3020
153,2025-09-08 04:44:03,2.16.130.65,Customer_10,mitigation_3078
154,2025-09-08 04:48:34,23.61.199.64,Customer_10,mitigation_3078
155,2025-09-08 04:42:48,95.100.173.67,Customer_10,mitigation_3078
156,2025-09-08 04:46:18,95.100.174.66,Customer_10,mitigation_3078
157,2025-09-08 04:38:18,144.52.81.151,Customer_10,mitigation_3078
158,2025-09-08 04:40:10,184.85.248.65,Customer_10,mitigation_3078
159,2025-09-08 09:36:06,81.177.125.9,Customer_10,mitigation_3088
160,2025-09-10 21:31:43,37.53.253.76,Customer_10,mitigation_3128
161,2025-09-10 23:13:51,104.195.12.36,Customer_10,mitigation_3128
162,2025-09-10 18:13:52,184.105.139.124,Customer_10,mitigation_3128
163,2025-09-10 18:31:22,65.49.1.201,Customer_10,mitigation_3131
164,2025-09-10 22:23:40,183.23.134.215,Customer_10,mitigation_3135
165,2025-09-11 08:34:02,2.16.130.65,Customer_10,mitigation_3139
166,2025-09-11 08:59:11,23.61.199.64,Customer_10,mitigation_3139
167,2025-09-11 08:46:12,95.100.173.67,Customer_10,mitigation_3139
168,2025-09-11 08:34:37,95.100.174.66,Customer_10,mitigation_3139
169,2025-09-11 08:43:20,184.85.248.65,Customer_10,mitigation_3139
170,2025-09-11 08:49:23,193.108.91.254,Customer_10,mitigation_3139
171,2025-09-11 10:38:27,2.16.130.65,Customer_10,mitigation_3141
172,2025-09-11 10:30:34,23.61.199.64,Customer_10,mitigation_3141
173,2025-09-11 10:39:51,95.100.173.67,Customer_10,mitigation_3141
174,2025-09-11 10:35:10,95.100.174.66,Customer_10,mitigation_3141
175,2025-09-11 10:31:15,184.85.248.65,Customer_10,mitigation_3141
176,2025-09-11 10:43:58,193.108.91.254,Customer_10,mitigation_3141
177,2025-09-12 06:29:00,2.16.130.65,Customer_10,mitigation_3151
178,2025-09-12 06:30:09,23.61.199.64,Customer_10,mitigation_3151
179,2025-09-12 06:28:02,95.100.173.67,Customer_10,mitigation_3151
180,2025-09-12 06:27:05,95.100.174.66,Customer_10,mitigation_3151
181,2025-09-12 06:27:19,184.85.248.65,Customer_10,mitigation_3151
182,2025-09-12 06:32:27,193.108.91.254,Customer_10,mitigation_3151
183,2025-09-12 06:55:39,2.16.130.65,Customer_10,mitigation_3152
184,2025-09-12 06:56:22,23.61.199.64,Customer_10,mitigation_3152
185,2025-09-12 06:58:26,37.2.79.26,Customer_10,mitigation_3152
186,2025-09-12 07:03:22,95.100.173.67,Customer_10,mitigation_3152
187,2025-09-12 06:57:57,95.100.174.66,Customer_10,mitigation_3152
188,2025-09-12 07:01:36,104.195.12.36,Customer_10,mitigation_3152
189,2025-09-12 06:55:37,184.85.248.65,Customer_10,mitigation_3152
190,2025-09-12 06:58:07,193.108.91.254,Customer_10,mitigation_3152
191,2025-09-15 06:31:37,2.16.130.65,Customer_10,mitigation_3186
192,2025-09-15 06:31:02,23.61.199.64,Customer_10,mitigation_3186
193,2025-09-15 06:29:16,95.100.173.67,Customer_10,mitigation_3186
194,2025-09-15 06:34:45,95.100.174.66,Customer_10,mitigation_3186
195,2025-09-15 06:27:36,184.85.248.65,Customer_10,mitigation_3186
196,2025-09-15 06:33:23,193.108.91.254,Customer_10,mitigation_3186
197,2025-09-15 06:32:59,194.238.31.127,Customer_10,mitigation_3186
198,2025-09-15 06:37:57,213.111.152.90,Customer_10,mitigation_3186
199,2025-09-15 07:02:06,2.16.130.65,Customer_10,mitigation_3187
200,2025-09-15 07:01:36,23.61.199.64,Customer_10,mitigation_3187
201,2025-09-15 07:02:36,95.100.173.67,Customer_10,mitigation_3187
202,2025-09-15 07:05:13,95.100.174.66,Customer_10,mitigation_3187
203,2025-09-15 07:03:52,184.85.248.65,Customer_10,mitigation_3187
204,2025-09-15 07:05:51,193.108.91.254,Customer_10,mitigation_3187
205,2025-09-15 11:55:39,144.52.81.151,Customer_10,mitigation_3193
206,2025-09-19 19:18:03,4.2.2.2,Customer_10,mitigation_3239
207,2025-09-19 19:18:03,4.2.2.3,Customer_10,mitigation_3239
208,2025-09-20 05:24:02,4.2.2.2,Customer_10,mitigation_3241
209,2025-09-20 05:24:02,4.2.2.3,Customer_10,mitigation_3241
210,2025-09-25 08:34:01,52.208.98.246,Customer_10,mitigation_3280
211,2025-09-25 11:52:36,77.221.153.212,Customer_10,mitigation_3280
212,2025-09-25 11:43:27,87.121.84.23,Customer_10,mitigation_3280
213,2025-09-25 12:29:12,93.123.109.163,Customer_10,mitigation_3280
214,2025-09-25 09:20:37,118.174.70.226,Customer_10,mitigation_3280
215,2025-09-25 11:45:03,183.23.133.241,Customer_10,mitigation_3280
216,2025-09-25 10:29:28,183.94.33.15,Customer_10,mitigation_3280
217,2025-09-25 09:50:35,207.154.211.129,Customer_10,mitigation_3280
218,2025-09-26 15:47:04,73.142.72.238,Customer_10,mitigation_3311
219,2025-09-29 20:25:28,1.0.8.78,Customer_41,mitigation_3245
220,2025-09-29 22:50:41,1.0.9.117,Customer_41,mitigation_3245
221,2025-09-29 21:01:14,1.0.10.153,Customer_41,mitigation_3245
222,2025-09-29 19:57:37,1.0.12.3,Customer_41,mitigation_3245
223,2025-09-29 23:05:34,1.0.39.158,Customer_41,mitigation_3245
224,2025-09-29 23:48:26,1.0.39.215,Customer_41,mitigation_3245
225,2025-09-29 22:12:00,1.0.41.248,Customer_41,mitigation_3245
226,2025-09-29 23:04:28,1.0.56.219,Customer_41,mitigation_3245
227,2025-09-29 21:26:00,1.0.59.91,Customer_41,mitigation_3245
228,2025-09-29 21:28:13,1.0.62.27,Customer_41,mitigation_3245
229,2025-09-29 20:24:45,1.0.63.83,Customer_41,mitigation_3245
230,2025-09-29 23:38:32,1.1.2.36,Customer_41,mitigation_3245
231,2025-09-29 23:47:32,1.1.2.168,Customer_41,mitigation_3245
232,2025-09-29 21:46:55,1.1.5.134,Customer_41,mitigation_3245
233,2025-09-29 22:07:25,1.1.10.178,Customer_41,mitigation_3245
234,2025-09-29 20:08:04,1.1.13.155,Customer_41,mitigation_3245
235,2025-09-29 21:02:43,1.1.13.178,Customer_41,mitigation_3245
236,2025-09-29 23:40:23,1.1.14.45,Customer_41,mitigation_3245
237,2025-09-29 20:56:40,1.1.15.149,Customer_41,mitigation_3245
238,2025-09-29 21:27:27,1.1.21.71,Customer_41,mitigation_3245
239,2025-09-29 22:14:23,1.1.23.56,Customer_41,mitigation_3245
240,2025-09-29 21:19:13,1.1.24.43,Customer_41,mitigation_3245
241,2025-09-29 22:36:23,1.1.30.238,Customer_41,mitigation_3245
242,2025-09-28 20:44:44,1.1.33.97,Customer_41,mitigation_3245
243,2025-09-29 21:22:20,1.1.33.178,Customer_41,mitigation_3245
244,2025-09-29 23:38:11,1.1.37.66,Customer_41,mitigation_3245
245,2025-09-29 20:43:28,1.1.39.44,Customer_41,mitigation_3245
246,2025-09-29 20:26:14,1.1.42.243,Customer_41,mitigation_3245
247,2025-09-29 22:09:59,1.1.44.69,Customer_41,mitigation_3245
248,2025-09-29 23:21:08,1.1.47.45,Customer_41,mitigation_3245
249,2025-09-29 22:26:40,1.1.47.250,Customer_41,mitigation_3245
250,2025-09-29 21:28:02,1.1.49.139,Customer_41,mitigation_3245
251,2025-09-29 20:06:36,1.1.50.224,Customer_41,mitigation_3245
252,2025-09-29 22:44:28,1.1.51.135,Customer_41,mitigation_3245
253,2025-09-29 22:40:48,1.1.51.165,Customer_41,mitigation_3245
254,2025-09-29 20:21:49,1.1.57.92,Customer_41,mitigation_3245
255,2025-09-29 20:08:48,1.1.61.18,Customer_41,mitigation_3245
256,2025-09-29 23:29:44,1.1.63.167,Customer_41,mitigation_3245
257,2025-09-29 21:55:08,1.2.0.49,Customer_41,mitigation_3245
258,2025-09-29 20:19:38,1.2.1.89,Customer_41,mitigation_3245
259,2025-09-29 21:58:04,1.2.5.182,Customer_41,mitigation_3245
260,2025-09-29 22:51:47,1.2.12.112,Customer_41,mitigation_3245
261,2025-09-29 21:52:23,1.2.14.14,Customer_41,mitigation_3245
262,2025-09-29 22:28:08,1.2.15.76,Customer_41,mitigation_3245
263,2025-09-29 22:59:08,1.2.20.185,Customer_41,mitigation_3245
264,2025-09-29 22:54:23,1.2.27.60,Customer_41,mitigation_3245
265,2025-09-29 23:38:54,1.2.27.96,Customer_41,mitigation_3245
266,2025-09-29 21:25:14,1.2.34.8,Customer_41,mitigation_3245
267,2025-09-29 22:05:13,1.2.36.13,Customer_41,mitigation_3245
268,2025-09-29 21:48:55,1.2.51.18,Customer_41,mitigation_3245
269,2025-09-29 21:07:29,1.2.51.86,Customer_41,mitigation_3245
270,2025-09-29 21:31:08,1.2.61.11,Customer_41,mitigation_3245
271,2025-09-29 21:14:27,1.2.72.181,Customer_41,mitigation_3245
272,2025-09-29 21:21:58,1.2.72.189,Customer_41,mitigation_3245
273,2025-09-29 21:36:27,1.2.74.11,Customer_41,mitigation_3245
274,2025-09-29 21:22:53,1.2.75.198,Customer_41,mitigation_3245
275,2025-09-29 22:27:46,1.2.89.14,Customer_41,mitigation_3245
276,2025-09-29 23:19:06,1.2.94.22,Customer_41,mitigation_3245
277,2025-09-29 20:01:19,1.2.95.219,Customer_41,mitigation_3245
278,2025-09-29 23:55:36,1.2.100.172,Customer_41,mitigation_3245
279,2025-09-29 22:28:19,1.2.103.238,Customer_41,mitigation_3245
280,2025-09-29 23:30:39,1.2.107.95,Customer_41,mitigation_3245
281,2025-09-29 23:48:04,1.2.107.203,Customer_41,mitigation_3245
282,2025-09-29 22:20:59,1.2.108.34,Customer_41,mitigation_3245
283,2025-09-29 21:46:20,1.2.109.37,Customer_41,mitigation_3245
284,2025-09-29 22:25:03,1.2.110.52,Customer_41,mitigation_3245
285,2025-09-29 01:46:52,1.2.112.146,Customer_41,mitigation_3245
286,2025-09-29 23:27:22,1.2.116.156,Customer_41,mitigation_3245
287,2025-09-29 22:18:37,1.2.117.99,Customer_41,mitigation_3245
288,2025-09-29 21:07:30,1.2.118.198,Customer_41,mitigation_3245
289,2025-09-29 22:14:01,1.2.119.20,Customer_41,mitigation_3245
290,2025-09-29 23:57:58,1.2.123.203,Customer_41,mitigation_3245
291,2025-09-29 23:05:32,1.3.1.205,Customer_41,mitigation_3245
292,2025-09-29 20:22:55,1.3.7.125,Customer_41,mitigation_3245
293,2025-09-29 22:13:08,1.3.9.221,Customer_41,mitigation_3245
294,2025-09-29 22:56:11,1.3.10.104,Customer_41,mitigation_3245
295,2025-09-29 20:36:19,1.3.17.129,Customer_41,mitigation_3245
296,2025-09-29 20:33:55,1.3.20.32,Customer_41,mitigation_3245
297,2025-09-29 20:46:12,1.3.22.71,Customer_41,mitigation_3245
298,2025-09-29 20:48:47,1.3.23.55,Customer_41,mitigation_3245
299,2025-09-29 20:15:46,1.3.39.202,Customer_41,mitigation_3245
300,2025-09-29 22:52:42,1.3.47.204,Customer_41,mitigation_3245
301,2025-09-29 20:24:56,1.3.49.78,Customer_41,mitigation_3245
302,2025-09-29 21:02:31,1.3.50.108,Customer_41,mitigation_3245
303,2025-09-29 22:26:53,1.3.53.195,Customer_41,mitigation_3245
304,2025-09-29 22:38:58,1.3.61.76,Customer_41,mitigation_3245
305,2025-09-29 22:38:25,1.3.61.88,Customer_41,mitigation_3245
306,2025-09-29 23:55:24,1.3.68.125,Customer_41,mitigation_3245
307,2025-09-29 20:11:11,1.3.69.132,Customer_41,mitigation_3245
308,2025-09-29 21:50:01,1.3.70.207,Customer_41,mitigation_3245
309,2025-09-29 22:23:22,1.3.76.56,Customer_41,mitigation_3245
310,2025-09-29 22:29:47,1.3.78.78,Customer_41,mitigation_3245
311,2025-09-29 23:18:11,1.3.81.29,Customer_41,mitigation_3245
312,2025-09-29 20:02:35,1.3.87.134,Customer_41,mitigation_3245
313,2025-09-29 20:38:30,1.3.92.224,Customer_41,mitigation_3245
314,2025-09-29 21:34:03,1.3.99.55,Customer_41,mitigation_3245
315,2025-09-29 22:01:45,1.3.100.101,Customer_41,mitigation_3245
316,2025-09-29 23:31:25,1.3.118.205,Customer_41,mitigation_3245
317,2025-09-29 20:26:01,1.3.122.54,Customer_41,mitigation_3245
318,2025-09-29 22:37:18,1.3.124.60,Customer_41,mitigation_3245
319,2025-09-29 22:09:59,1.3.127.95,Customer_41,mitigation_3245
320,2025-09-29 22:24:52,1.3.128.142,Customer_41,mitigation_3245
321,2025-09-29 21:37:21,1.3.128.146,Customer_41,mitigation_3245
322,2025-09-29 20:51:54,1.3.131.118,Customer_41,mitigation_3245
323,2025-09-29 21:36:59,1.3.131.252,Customer_41,mitigation_3245
324,2025-09-29 20:53:33,1.3.132.117,Customer_41,mitigation_3245
325,2025-09-29 20:36:52,1.3.136.7,Customer_41,mitigation_3245
326,2025-09-29 23:51:55,1.3.136.80,Customer_41,mitigation_3245
327,2025-09-29 22:18:37,1.3.141.1,Customer_41,mitigation_3245
328,2025-09-29 20:55:11,1.3.141.45,Customer_41,mitigation_3245
329,2025-09-29 20:03:51,1.3.142.205,Customer_41,mitigation_3245
330,2025-09-29 23:09:12,1.3.142.215,Customer_41,mitigation_3245
331,2025-09-29 23:18:01,1.3.144.28,Customer_41,mitigation_3245
332,2025-09-29 20:05:52,1.3.144.133,Customer_41,mitigation_3245
333,2025-09-29 20:00:46,1.3.145.90,Customer_41,mitigation_3245
334,2025-09-29 22:23:24,1.3.148.165,Customer_41,mitigation_3245
335,2025-09-29 22:49:03,1.3.154.248,Customer_41,mitigation_3245
336,2025-09-29 22:32:00,1.3.156.237,Customer_41,mitigation_3245
337,2025-09-29 21:33:42,1.3.165.230,Customer_41,mitigation_3245
338,2025-09-29 22:38:14,1.3.165.245,Customer_41,mitigation_3245
339,2025-09-29 20:32:05,1.3.170.88,Customer_41,mitigation_3245
340,2025-09-29 20:49:08,1.3.176.167,Customer_41,mitigation_3245
341,2025-09-29 23:33:03,1.3.179.175,Customer_41,mitigation_3245
342,2025-09-29 21:46:54,1.3.181.173,Customer_41,mitigation_3245
343,2025-09-29 21:56:38,1.3.182.68,Customer_41,mitigation_3245
344,2025-09-29 20:44:33,1.3.186.49,Customer_41,mitigation_3245
345,2025-09-29 22:53:39,1.3.196.52,Customer_41,mitigation_3245
346,2025-09-29 21:04:11,1.3.199.22,Customer_41,mitigation_3245
347,2025-09-29 21:40:28,1.3.203.162,Customer_41,mitigation_3245
348,2025-09-29 23:01:43,1.3.209.245,Customer_41,mitigation_3245
349,2025-09-29 22:55:05,1.3.213.9,Customer_41,mitigation_3245
350,2025-09-29 22:22:27,1.3.216.161,Customer_41,mitigation_3245
351,2025-09-29 21:13:54,1.3.217.242,Customer_41,mitigation_3245
352,2025-09-29 20:29:54,1.3.219.201,Customer_41,mitigation_3245
353,2025-09-29 18:07:26,1.3.229.225,Customer_41,mitigation_3245
354,2025-09-29 21:35:41,1.3.232.248,Customer_41,mitigation_3245
355,2025-09-29 21:44:30,1.3.233.30,Customer_41,mitigation_3245
356,2025-09-29 20:54:06,1.3.234.210,Customer_41,mitigation_3245
357,2025-09-29 20:47:08,1.3.236.205,Customer_41,mitigation_3245
358,2025-09-29 22:48:51,1.3.238.74,Customer_41,mitigation_3245
359,2025-09-29 22:27:36,1.3.238.209,Customer_41,mitigation_3245
360,2025-09-29 22:33:27,1.3.239.132,Customer_41,mitigation_3245
361,2025-09-29 19:57:15,1.3.240.1,Customer_41,mitigation_3245
362,2025-09-29 21:34:26,1.3.244.255,Customer_41,mitigation_3245
363,2025-09-29 23:21:31,1.3.247.187,Customer_41,mitigation_3245
364,2025-09-29 22:06:29,1.3.248.176,Customer_41,mitigation_3245
365,2025-09-29 20:53:55,1.3.254.199,Customer_41,mitigation_3245
366,2025-09-29 22:02:17,1.4.1.77,Customer_41,mitigation_3245
367,2025-09-29 21:35:33,1.4.2.18,Customer_41,mitigation_3245
368,2025-09-29 21:17:55,1.4.17.42,Customer_41,mitigation_3245
369,2025-09-29 21:33:53,1.4.17.71,Customer_41,mitigation_3245
370,2025-09-29 23:15:06,1.4.24.113,Customer_41,mitigation_3245
371,2025-09-29 21:19:14,1.4.24.146,Customer_41,mitigation_3245
372,2025-09-29 20:55:12,1.4.24.155,Customer_41,mitigation_3245
373,2025-09-29 20:18:54,1.4.26.91,Customer_41,mitigation_3245
374,2025-09-29 21:06:00,1.4.31.89,Customer_41,mitigation_3245
375,2025-09-29 23:56:41,1.4.35.21,Customer_41,mitigation_3245
376,2025-09-29 22:30:20,1.4.47.199,Customer_41,mitigation_3245
377,2025-09-29 22:18:58,1.4.59.50,Customer_41,mitigation_3245
378,2025-09-29 20:46:23,1.4.59.90,Customer_41,mitigation_3245
379,2025-09-29 21:44:19,1.4.61.82,Customer_41,mitigation_3245
380,2025-09-29 20:30:27,1.4.61.210,Customer_41,mitigation_3245
381,2025-09-29 22:42:48,1.4.62.56,Customer_41,mitigation_3245
382,2025-09-29 20:04:58,1.4.70.103,Customer_41,mitigation_3245
383,2025-09-29 23:09:45,1.4.85.199,Customer_41,mitigation_3245
384,2025-09-29 22:31:48,1.4.90.224,Customer_41,mitigation_3245
385,2025-09-29 22:21:54,1.4.93.75,Customer_41,mitigation_3245
386,2025-09-29 05:15:43,1.4.108.13,Customer_41,mitigation_3245
387,2025-09-29 23:07:00,1.4.108.195,Customer_41,mitigation_3245
388,2025-09-29 21:50:44,1.4.122.45,Customer_41,mitigation_3245
389,2025-09-29 20:08:14,1.4.126.33,Customer_41,mitigation_3245
390,2025-09-29 22:44:37,1.8.0.100,Customer_41,mitigation_3245
391,2025-09-29 22:23:21,1.8.1.35,Customer_41,mitigation_3245
392,2025-09-29 22:20:38,1.8.6.208,Customer_41,mitigation_3245
393,2025-09-29 20:13:34,1.8.13.222,Customer_41,mitigation_3245
394,2025-09-29 20:01:39,1.8.15.65,Customer_41,mitigation_3245
395,2025-09-29 20:57:25,1.8.22.12,Customer_41,mitigation_3245
396,2025-09-29 20:53:00,1.8.25.81,Customer_41,mitigation_3245
397,2025-09-29 23:18:11,1.8.25.226,Customer_41,mitigation_3245
398,2025-09-29 21:33:42,1.8.27.225,Customer_41,mitigation_3245
399,2025-09-29 18:11:40,1.8.33.52,Customer_41,mitigation_3245
400,2025-09-29 23:35:14,1.8.36.75,Customer_41,mitigation_3245
401,2025-09-29 20:51:09,1.8.38.167,Customer_41,mitigation_3245
402,2025-09-29 22:49:25,1.8.43.230,Customer_41,mitigation_3245
403,2025-09-29 23:44:13,1.8.44.191,Customer_41,mitigation_3245
404,2025-09-29 20:35:24,1.8.49.223,Customer_41,mitigation_3245
405,2025-09-29 22:57:50,1.8.52.9,Customer_41,mitigation_3245
406,2025-09-29 21:54:46,1.8.52.172,Customer_41,mitigation_3245
407,2025-09-29 23:05:10,1.8.55.144,Customer_41,mitigation_3245
408,2025-09-29 21:35:00,1.8.57.106,Customer_41,mitigation_3245
409,2025-09-29 21:10:36,1.8.58.140,Customer_41,mitigation_3245
410,2025-09-29 21:30:23,1.8.74.79,Customer_41,mitigation_3245
411,2025-09-29 21:17:44,1.8.77.124,Customer_41,mitigation_3245
412,2025-09-29 23:27:21,1.8.82.236,Customer_41,mitigation_3245
413,2025-09-29 23:40:00,1.8.86.255,Customer_41,mitigation_3245
414,2025-09-29 22:24:17,1.8.89.211,Customer_41,mitigation_3245
415,2025-09-29 23:51:46,1.8.95.95,Customer_41,mitigation_3245
416,2025-09-29 22:52:42,1.8.100.113,Customer_41,mitigation_3245
417,2025-09-29 20:41:15,1.8.101.55,Customer_41,mitigation_3245
418,2025-09-29 23:04:26,1.8.103.185,Customer_41,mitigation_3245
419,2025-09-29 23:38:43,1.8.105.220,Customer_41,mitigation_3245
420,2025-09-29 02:35:51,1.8.105.221,Customer_41,mitigation_3245
421,2025-09-29 21:56:58,1.8.113.149,Customer_41,mitigation_3245
422,2025-09-29 20:58:29,1.8.117.174,Customer_41,mitigation_3245
423,2025-09-29 21:21:57,1.8.118.254,Customer_41,mitigation_3245
424,2025-09-29 20:48:15,1.8.125.154,Customer_41,mitigation_3245
425,2025-09-29 22:00:50,1.8.128.231,Customer_41,mitigation_3245
426,2025-09-29 21:02:09,1.8.130.211,Customer_41,mitigation_3245
427,2025-09-29 22:48:52,1.8.133.23,Customer_41,mitigation_3245
428,2025-09-29 19:57:26,1.8.138.70,Customer_41,mitigation_3245
429,2025-09-29 22:16:46,1.8.141.114,Customer_41,mitigation_3245
430,2025-09-29 22:13:16,1.8.146.29,Customer_41,mitigation_3245
431,2025-09-29 22:58:34,1.8.149.118,Customer_41,mitigation_3245
432,2025-09-29 23:30:07,1.8.155.65,Customer_41,mitigation_3245
433,2025-09-29 21:39:33,1.8.158.61,Customer_41,mitigation_3245
434,2025-09-29 22:36:34,1.8.159.158,Customer_41,mitigation_3245
435,2025-09-29 22:16:36,1.8.164.202,Customer_41,mitigation_3245
436,2025-09-29 22:17:41,1.8.173.144,Customer_41,mitigation_3245
437,2025-09-29 22:40:36,1.8.176.167,Customer_41,mitigation_3245
438,2025-09-29 23:49:44,1.8.178.8,Customer_41,mitigation_3245
439,2025-09-29 21:00:08,1.8.178.56,Customer_41,mitigation_3245
440,2025-09-29 22:16:46,1.8.181.195,Customer_41,mitigation_3245
441,2025-09-29 23:30:39,1.8.184.175,Customer_41,mitigation_3245
442,2025-09-29 13:04:12,1.8.187.19,Customer_41,mitigation_3245
443,2025-09-29 22:53:05,1.8.189.85,Customer_41,mitigation_3245
444,2025-09-29 21:45:04,1.8.190.72,Customer_41,mitigation_3245
445,2025-09-29 23:15:06,1.8.200.99,Customer_41,mitigation_3245
446,2025-09-29 23:28:16,1.8.200.223,Customer_41,mitigation_3245
447,2025-09-29 22:42:50,1.8.206.237,Customer_41,mitigation_3245
448,2025-09-29 23:44:35,1.8.210.76,Customer_41,mitigation_3245
449,2025-09-29 16:50:04,1.8.211.88,Customer_41,mitigation_3245
450,2025-09-29 19:54:52,1.8.218.104,Customer_41,mitigation_3245
451,2025-09-29 22:11:17,1.8.223.8,Customer_41,mitigation_3245
452,2025-09-29 22:54:44,1.8.223.253,Customer_41,mitigation_3245
453,2025-09-29 23:17:06,1.8.228.243,Customer_41,mitigation_3245
454,2025-09-29 20:05:52,1.8.240.162,Customer_41,mitigation_3245
455,2025-09-29 21:33:53,1.8.245.58,Customer_41,mitigation_3245
456,2025-09-29 22:01:34,1.8.249.164,Customer_41,mitigation_3245
457,2025-09-29 23:35:36,1.10.0.207,Customer_41,mitigation_3245
458,2025-09-29 23:02:25,1.10.6.190,Customer_41,mitigation_3245
459,2025-09-29 21:05:38,1.10.7.205,Customer_41,mitigation_3245
460,2025-09-29 05:33:51,1.10.7.249,Customer_41,mitigation_3245
461,2025-09-29 21:24:10,1.10.11.92,Customer_41,mitigation_3245
462,2025-09-29 22:49:58,1.10.14.12,Customer_41,mitigation_3245
463,2025-09-29 22:29:48,1.10.16.17,Customer_41,mitigation_3245
464,2025-09-29 23:12:51,1.10.18.238,Customer_41,mitigation_3245
465,2025-09-29 20:35:55,1.10.32.227,Customer_41,mitigation_3245
466,2025-09-29 22:37:52,1.10.36.95,Customer_41,mitigation_3245
467,2025-09-29 22:19:09,1.10.39.124,Customer_41,mitigation_3245
468,2025-09-29 20:47:52,1.10.47.160,Customer_41,mitigation_3245
469,2025-09-29 21:29:06,1.10.48.121,Customer_41,mitigation_3245
470,2025-09-29 20:37:24,1.10.50.94,Customer_41,mitigation_3245
471,2025-09-29 20:25:19,1.10.64.141,Customer_41,mitigation_3245
472,2025-09-29 22:25:01,1.10.75.134,Customer_41,mitigation_3245
473,2025-09-29 23:36:31,1.10.75.202,Customer_41,mitigation_3245
474,2025-09-29 22:50:31,1.10.78.201,Customer_41,mitigation_3245
475,2025-09-29 21:35:00,1.10.82.136,Customer_41,mitigation_3245
476,2025-09-29 21:57:09,1.10.82.149,Customer_41,mitigation_3245
477,2025-09-29 21:37:21,1.10.89.77,Customer_41,mitigation_3245
478,2025-09-29 22:14:23,1.10.94.235,Customer_41,mitigation_3245
479,2025-09-29 20:55:56,1.10.97.118,Customer_41,mitigation_3245
480,2025-09-29 23:24:58,1.10.102.232,Customer_41,mitigation_3245
481,2025-09-29 20:15:58,1.10.112.205,Customer_41,mitigation_3245
482,2025-09-29 22:16:03,1.10.115.113,Customer_41,mitigation_3245
483,2025-09-29 22:17:19,1.10.115.235,Customer_41,mitigation_3245
484,2025-09-29 21:56:48,1.10.116.44,Customer_41,mitigation_3245
485,2025-09-29 21:20:41,1.10.116.138,Customer_41,mitigation_3245
486,2025-09-29 23:33:24,1.10.118.71,Customer_41,mitigation_3245
487,2025-09-29 21:19:45,1.10.123.200,Customer_41,mitigation_3245
488,2025-09-29 20:45:38,1.10.124.94,Customer_41,mitigation_3245
489,2025-09-29 21:01:25,1.11.1.195,Customer_41,mitigation_3245
490,2025-09-29 22:15:51,1.11.4.109,Customer_41,mitigation_3245
491,2025-09-29 23:37:38,1.11.5.109,Customer_41,mitigation_3245
492,2025-09-29 22:34:23,1.11.11.254,Customer_41,mitigation_3245
493,2025-09-29 22:12:54,1.11.16.50,Customer_41,mitigation_3245
494,2025-09-29 22:03:11,1.11.17.45,Customer_41,mitigation_3245
495,2025-09-29 23:11:24,1.11.19.111,Customer_41,mitigation_3245
496,2025-09-29 23:00:59,1.11.31.2,Customer_41,mitigation_3245
497,2025-09-29 20:03:52,1.11.31.193,Customer_41,mitigation_3245
498,2025-09-29 21:28:57,1.11.32.109,Customer_41,mitigation_3245
499,2025-09-29 21:34:47,1.11.36.178,Customer_41,mitigation_3245
500,2025-09-29 20:59:13,1.11.36.249,Customer_41,mitigation_3245
501,2025-09-29 23:39:38,1.11.38.129,Customer_41,mitigation_3245
502,2025-09-29 20:08:05,1.11.39.31,Customer_41,mitigation_3245
503,2025-09-29 22:03:47,1.11.48.139,Customer_41,mitigation_3245
504,2025-09-29 21:44:29,1.11.51.242,Customer_41,mitigation_3245
505,2025-09-29 22:10:44,1.11.57.230,Customer_41,mitigation_3245
506,2025-09-29 21:04:33,1.11.69.25,Customer_41,mitigation_3245
507,2025-09-29 21:06:22,1.11.76.112,Customer_41,mitigation_3245
508,2025-09-29 22:15:51,1.11.86.175,Customer_41,mitigation_3245
509,2025-09-29 22:51:36,1.11.92.81,Customer_41,mitigation_3245
510,2025-09-29 22:21:55,1.11.95.143,Customer_41,mitigation_3245
511,2025-09-29 23:07:45,1.11.100.54,Customer_41,mitigation_3245
512,2025-09-29 21:14:04,1.11.106.113,Customer_41,mitigation_3245
513,2025-09-29 20:37:35,1.11.107.84,Customer_41,mitigation_3245
514,2025-09-29 22:01:11,1.11.108.174,Customer_41,mitigation_3245
515,2025-09-29 20:21:38,1.11.117.11,Customer_41,mitigation_3245
516,2025-09-29 22:32:33,1.11.119.66,Customer_41,mitigation_3245
517,2025-09-29 21:33:19,1.11.128.3,Customer_41,mitigation_3245
518,2025-09-29 23:48:52,1.11.137.14,Customer_41,mitigation_3245
519,2025-09-29 21:03:59,1.11.137.114,Customer_41,mitigation_3245
520,2025-09-29 22:27:35,1.11.144.234,Customer_41,mitigation_3245
521,2025-09-29 22:10:32,1.11.146.20,Customer_41,mitigation_3245
522,2025-09-29 23:38:44,1.11.146.58,Customer_41,mitigation_3245
523,2025-09-29 22:31:26,1.11.152.66,Customer_41,mitigation_3245
524,2025-09-29 23:46:25,1.11.154.141,Customer_41,mitigation_3245
525,2025-09-29 22:46:39,1.11.155.78,Customer_41,mitigation_3245
526,2025-09-29 22:56:22,1.11.159.89,Customer_41,mitigation_3245
527,2025-09-29 20:15:47,1.11.162.180,Customer_41,mitigation_3245
528,2025-09-29 21:50:44,1.11.170.166,Customer_41,mitigation_3245
529,2025-09-29 23:35:04,1.11.173.27,Customer_41,mitigation_3245
530,2025-09-29 21:09:08,1.11.176.56,Customer_41,mitigation_3245
531,2025-09-29 22:52:32,1.11.196.246,Customer_41,mitigation_3245
532,2025-09-29 20:24:23,1.11.197.55,Customer_41,mitigation_3245
533,2025-09-29 22:14:13,1.11.198.148,Customer_41,mitigation_3245
534,2025-09-29 20:15:24,1.11.200.34,Customer_41,mitigation_3245
535,2025-09-29 22:26:40,1.11.202.106,Customer_41,mitigation_3245
536,2025-09-29 20:08:48,1.11.207.166,Customer_41,mitigation_3245
537,2025-09-29 22:57:17,1.11.208.219,Customer_41,mitigation_3245
538,2025-09-29 23:29:33,1.11.208.248,Customer_41,mitigation_3245
539,2025-09-29 22:51:26,1.11.210.113,Customer_41,mitigation_3245
540,2025-09-29 20:48:02,1.11.212.4,Customer_41,mitigation_3245
541,2025-09-29 22:14:14,1.11.214.50,Customer_41,mitigation_3245
542,2025-09-29 05:11:29,1.11.220.68,Customer_41,mitigation_3245
543,2025-09-29 23:26:16,1.11.220.84,Customer_41,mitigation_3245
544,2025-09-29 23:23:42,1.11.228.143,Customer_41,mitigation_3245
545,2025-09-29 20:46:46,1.11.232.42,Customer_41,mitigation_3245
546,2025-09-29 21:04:00,1.11.233.236,Customer_41,mitigation_3245
547,2025-09-29 22:15:51,1.11.233.248,Customer_41,mitigation_3245
548,2025-09-29 21:49:05,1.11.234.7,Customer_41,mitigation_3245
549,2025-09-29 22:06:20,1.11.235.61,Customer_41,mitigation_3245
550,2025-09-29 21:00:30,1.11.236.127,Customer_41,mitigation_3245
551,2025-09-29 23:41:52,1.11.236.180,Customer_41,mitigation_3245
552,2025-09-29 22:58:01,1.11.238.52,Customer_41,mitigation_3245
553,2025-09-29 21:29:50,1.11.249.204,Customer_41,mitigation_3245
554,2025-09-29 22:41:53,1.11.250.198,Customer_41,mitigation_3245
555,2025-09-29 23:44:24,1.11.252.247,Customer_41,mitigation_3245
556,2025-09-29 21:49:17,1.11.253.64,Customer_41,mitigation_3245
557,2025-09-29 20:11:01,1.11.253.82,Customer_41,mitigation_3245
558,2025-09-29 23:57:14,1.11.255.231,Customer_41,mitigation_3245
559,2025-09-29 21:45:25,1.12.8.213,Customer_41,mitigation_3245
560,2025-09-29 21:12:07,1.12.11.200,Customer_41,mitigation_3245
561,2025-09-29 22:01:11,1.12.13.79,Customer_41,mitigation_3245
562,2025-09-29 20:13:01,1.12.13.172,Customer_41,mitigation_3245
563,2025-09-29 20:50:16,1.12.18.105,Customer_41,mitigation_3245
564,2025-09-29 20:09:32,1.12.18.211,Customer_41,mitigation_3245
565,2025-09-29 22:55:29,1.12.23.255,Customer_41,mitigation_3245
566,2025-09-29 22:37:07,1.12.24.131,Customer_41,mitigation_3245
567,2025-09-29 21:02:43,1.12.32.84,Customer_41,mitigation_3245
568,2025-09-29 21:36:37,1.12.35.63,Customer_41,mitigation_3245
569,2025-09-29 23:05:10,1.12.36.43,Customer_41,mitigation_3245
570,2025-09-29 20:24:12,1.12.36.189,Customer_41,mitigation_3245
571,2025-09-29 21:10:46,1.12.41.132,Customer_41,mitigation_3245
572,2025-09-29 20:51:20,1.12.56.78,Customer_41,mitigation_3245
573,2025-09-29 20:50:25,1.12.61.151,Customer_41,mitigation_3245
574,2025-09-29 22:18:37,1.12.62.151,Customer_41,mitigation_3245
575,2025-09-29 23:46:25,1.12.69.129,Customer_41,mitigation_3245
576,2025-09-29 21:45:58,1.12.74.90,Customer_41,mitigation_3245
577,2025-09-29 23:14:44,1.12.77.162,Customer_41,mitigation_3245
578,2025-09-29 23:53:03,1.12.79.128,Customer_41,mitigation_3245
579,2025-09-29 23:35:04,1.12.80.43,Customer_41,mitigation_3245
580,2025-09-29 22:14:55,1.12.81.131,Customer_41,mitigation_3245
581,2025-09-29 22:14:33,1.12.93.70,Customer_41,mitigation_3245
582,2025-09-29 22:06:52,1.12.93.81,Customer_41,mitigation_3245
583,2025-09-29 23:25:42,1.12.95.39,Customer_41,mitigation_3245
584,2025-09-29 20:37:13,1.12.96.187,Customer_41,mitigation_3245
585,2025-09-29 20:45:50,1.12.97.72,Customer_41,mitigation_3245
586,2025-09-29 20:47:51,1.12.97.222,Customer_41,mitigation_3245
587,2025-09-29 20:39:37,1.12.98.240,Customer_41,mitigation_3245
588,2025-09-29 22:11:38,1.12.106.93,Customer_41,mitigation_3245
589,2025-09-29 23:57:15,1.12.115.229,Customer_41,mitigation_3245
590,2025-09-29 21:40:07,1.12.116.74,Customer_41,mitigation_3245
591,2025-09-29 23:35:58,1.12.116.123,Customer_41,mitigation_3245
592,2025-09-29 20:46:01,1.12.116.136,Customer_41,mitigation_3245
593,2025-09-29 22:56:55,1.12.117.66,Customer_41,mitigation_3245
594,2025-09-29 23:12:41,1.12.118.213,Customer_41,mitigation_3245
595,2025-09-29 21:15:22,1.12.124.76,Customer_41,mitigation_3245
596,2025-09-29 21:53:39,1.12.127.46,Customer_41,mitigation_3245
597,2025-09-29 21:57:31,1.12.130.147,Customer_41,mitigation_3245
598,2025-09-29 21:39:56,1.12.141.54,Customer_41,mitigation_3245
599,2025-09-29 23:29:01,1.12.144.92,Customer_41,mitigation_3245
600,2025-09-29 23:21:52,1.12.145.159,Customer_41,mitigation_3245
601,2025-09-29 23:50:50,1.12.153.151,Customer_41,mitigation_3245
602,2025-09-29 23:56:52,1.12.157.206,Customer_41,mitigation_3245
603,2025-09-29 20:16:31,1.12.157.228,Customer_41,mitigation_3245
604,2025-09-29 20:03:52,1.12.158.30,Customer_41,mitigation_3245
605,2025-09-29 20:35:45,1.12.158.151,Customer_41,mitigation_3245
606,2025-09-29 22:56:34,1.12.161.124,Customer_41,mitigation_3245
607,2025-09-29 23:20:56,1.12.164.128,Customer_41,mitigation_3245
608,2025-09-29 23:23:08,1.12.168.248,Customer_41,mitigation_3245
609,2025-09-29 22:34:00,1.12.174.247,Customer_41,mitigation_3245
610,2025-09-29 22:49:03,1.12.179.204,Customer_41,mitigation_3245
611,2025-09-29 20:07:30,1.12.184.252,Customer_41,mitigation_3245
612,2025-09-29 23:49:21,1.12.185.189,Customer_41,mitigation_3245
613,2025-09-29 23:10:29,1.12.186.115,Customer_41,mitigation_3245
614,2025-09-29 23:50:28,1.12.189.147,Customer_41,mitigation_3245
615,2025-09-29 22:52:55,1.12.190.85,Customer_41,mitigation_3245
616,2025-09-29 19:57:37,1.12.191.94,Customer_41,mitigation_3245
617,2025-09-29 22:00:49,1.12.194.186,Customer_41,mitigation_3245
618,2025-09-29 21:27:07,1.12.195.244,Customer_41,mitigation_3245
619,2025-09-29 20:02:57,1.12.198.109,Customer_41,mitigation_3245
620,2025-09-29 22:14:02,1.12.204.151,Customer_41,mitigation_3245
621,2025-09-29 22:52:19,1.12.205.108,Customer_41,mitigation_3245
622,2025-09-29 20:06:46,1.12.206.247,Customer_41,mitigation_3245
623,2025-09-29 23:02:47,1.12.208.250,Customer_41,mitigation_3245
624,2025-09-29 23:19:51,1.12.211.160,Customer_41,mitigation_3245
625,2025-09-29 22:54:56,1.12.217.101,Customer_41,mitigation_3245
626,2025-09-29 23:39:17,1.12.223.59,Customer_41,mitigation_3245
627,2025-09-29 22:42:15,1.12.224.211,Customer_41,mitigation_3245
628,2025-09-28 15:40:22,1.12.225.251,Customer_41,mitigation_3245
629,2025-09-29 20:56:28,1.12.232.150,Customer_41,mitigation_3245
630,2025-09-29 21:03:49,1.12.239.123,Customer_41,mitigation_3245
631,2025-09-29 23:17:27,1.12.244.86,Customer_41,mitigation_3245
632,2025-09-29 23:17:27,1.12.244.186,Customer_41,mitigation_3245
633,2025-09-29 21:29:51,1.12.251.38,Customer_41,mitigation_3245
634,2025-09-29 23:27:22,1.12.251.148,Customer_41,mitigation_3245
635,2025-09-29 21:38:50,1.12.252.82,Customer_41,mitigation_3245
636,2025-09-29 22:19:20,1.12.255.17,Customer_41,mitigation_3245
637,2025-09-29 16:29:33,1.13.12.128,Customer_41,mitigation_3245
638,2025-09-29 23:15:15,1.13.15.216,Customer_41,mitigation_3245
639,2025-09-29 20:58:17,1.13.37.184,Customer_41,mitigation_3245
640,2025-09-29 20:06:35,1.13.41.94,Customer_41,mitigation_3245
641,2025-09-29 23:07:45,1.13.42.13,Customer_41,mitigation_3245
642,2025-09-29 20:33:22,1.13.43.61,Customer_41,mitigation_3245
643,2025-09-29 23:46:26,1.13.44.55,Customer_41,mitigation_3245
644,2025-09-29 23:59:27,1.13.46.231,Customer_41,mitigation_3245
645,2025-09-29 21:58:15,1.13.47.45,Customer_41,mitigation_3245
646,2025-09-29 20:13:57,1.13.48.237,Customer_41,mitigation_3245
647,2025-09-29 21:48:54,1.13.50.137,Customer_41,mitigation_3245
648,2025-09-29 21:00:31,1.13.56.197,Customer_41,mitigation_3245
649,2025-09-29 20:04:57,1.13.59.207,Customer_41,mitigation_3245
650,2025-09-29 20:47:52,1.13.70.76,Customer_41,mitigation_3245
651,2025-09-29 20:25:19,1.13.72.180,Customer_41,mitigation_3245
652,2025-09-29 23:14:21,1.13.73.147,Customer_41,mitigation_3245
653,2025-09-29 23:57:03,1.13.75.211,Customer_41,mitigation_3245
654,2025-09-29 21:37:44,1.13.81.98,Customer_41,mitigation_3245
655,2025-09-29 22:14:33,1.13.81.152,Customer_41,mitigation_3245
656,2025-09-29 20:00:24,1.13.84.139,Customer_41,mitigation_3245
657,2025-09-29 20:04:35,1.13.86.217,Customer_41,mitigation_3245
658,2025-09-29 21:09:29,1.13.93.54,Customer_41,mitigation_3245
659,2025-09-29 21:02:53,1.13.94.88,Customer_41,mitigation_3245
660,2025-09-29 23:57:58,1.13.109.7,Customer_41,mitigation_3245
661,2025-09-28 18:30:43,1.13.110.104,Customer_41,mitigation_3245
662,2025-09-29 23:35:25,1.13.119.247,Customer_41,mitigation_3245
663,2025-09-29 21:19:14,1.13.120.126,Customer_41,mitigation_3245
664,2025-09-29 23:21:52,1.13.122.24,Customer_41,mitigation_3245
665,2025-09-29 20:57:34,1.13.130.166,Customer_41,mitigation_3245
666,2025-09-29 20:39:27,1.13.133.35,Customer_41,mitigation_3245
667,2025-09-29 23:49:44,1.13.135.251,Customer_41,mitigation_3245
668,2025-09-29 22:58:57,1.13.138.10,Customer_41,mitigation_3245
669,2025-09-29 22:14:56,1.13.142.159,Customer_41,mitigation_3245
670,2025-09-29 21:38:49,1.13.147.119,Customer_41,mitigation_3245
671,2025-09-29 21:08:01,1.13.149.132,Customer_41,mitigation_3245
672,2025-09-29 22:56:56,1.13.150.135,Customer_41,mitigation_3245
673,2025-09-29 20:33:11,1.13.154.93,Customer_41,mitigation_3245
674,2025-09-29 20:08:14,1.13.155.44,Customer_41,mitigation_3245
675,2025-09-29 22:34:44,1.13.170.236,Customer_41,mitigation_3245
676,2025-09-29 21:03:49,1.13.176.23,Customer_41,mitigation_3245
677,2025-09-29 23:31:01,1.13.180.95,Customer_41,mitigation_3245
678,2025-09-29 23:44:03,1.13.181.187,Customer_41,mitigation_3245
679,2025-09-29 21:02:43,1.13.182.17,Customer_41,mitigation_3245
680,2025-09-29 20:03:19,1.13.182.231,Customer_41,mitigation_3245
681,2025-09-29 23:35:25,1.13.183.16,Customer_41,mitigation_3245
682,2025-09-29 23:42:23,1.13.191.148,Customer_41,mitigation_3245
683,2025-09-29 21:13:54,1.13.192.72,Customer_41,mitigation_3245
684,2025-09-29 22:11:27,1.13.193.90,Customer_41,mitigation_3245
685,2025-09-29 19:56:31,1.13.196.209,Customer_41,mitigation_3245
686,2025-09-29 23:25:54,1.13.199.180,Customer_41,mitigation_3245
687,2025-09-29 21:30:34,1.13.200.205,Customer_41,mitigation_3245
688,2025-09-29 21:13:43,1.13.205.116,Customer_41,mitigation_3245
689,2025-09-29 23:40:45,1.13.206.113,Customer_41,mitigation_3245
690,2025-09-29 21:26:21,1.13.206.229,Customer_41,mitigation_3245
691,2025-09-29 22:11:39,1.13.214.97,Customer_41,mitigation_3245
692,2025-09-29 20:56:30,1.13.217.198,Customer_41,mitigation_3245
693,2025-09-29 22:33:38,1.13.223.74,Customer_41,mitigation_3245
694,2025-09-29 21:53:52,1.13.223.118,Customer_41,mitigation_3245
695,2025-09-29 21:11:09,1.13.226.162,Customer_41,mitigation_3245
696,2025-09-29 22:36:46,1.13.226.181,Customer_41,mitigation_3245
697,2025-09-29 23:31:56,1.13.231.87,Customer_41,mitigation_3245
698,2025-09-29 20:27:19,1.13.234.124,Customer_41,mitigation_3245
699,2025-09-29 20:01:19,1.13.238.72,Customer_41,mitigation_3245
700,2025-09-29 21:21:36,1.13.241.229,Customer_41,mitigation_3245
701,2025-09-29 22:35:41,1.13.243.161,Customer_41,mitigation_3245
702,2025-09-29 22:39:30,1.13.246.154,Customer_41,mitigation_3245
703,2025-09-29 20:45:40,1.13.249.33,Customer_41,mitigation_3245
704,2025-09-29 20:50:58,1.13.250.34,Customer_41,mitigation_3245
705,2025-09-29 22:44:49,1.13.253.210,Customer_41,mitigation_3245
706,2025-09-29 22:29:04,1.14.6.93,Customer_41,mitigation_3245
707,2025-09-29 21:17:01,1.14.7.48,Customer_41,mitigation_3245
708,2025-09-29 20:05:53,1.14.7.109,Customer_41,mitigation_3245
709,2025-09-29 21:56:26,1.14.8.133,Customer_41,mitigation_3245
710,2025-09-29 21:44:52,1.14.10.202,Customer_41,mitigation_3245
711,2025-09-29 22:14:03,1.14.11.47,Customer_41,mitigation_3245
712,2025-09-29 20:22:34,1.14.11.195,Customer_41,mitigation_3245
713,2025-09-29 21:49:27,1.14.21.227,Customer_41,mitigation_3245
714,2025-09-29 22:36:46,1.14.26.42,Customer_41,mitigation_3245
715,2025-09-29 22:18:36,1.14.27.223,Customer_41,mitigation_3245
716,2025-09-29 22:39:42,1.14.30.158,Customer_41,mitigation_3245
717,2025-09-29 20:52:37,1.14.30.250,Customer_41,mitigation_3245
718,2025-09-29 21:19:23,1.14.36.195,Customer_41,mitigation_3245
719,2025-09-29 23:49:10,1.14.45.26,Customer_41,mitigation_3245
720,2025-09-29 22:18:59,1.14.47.16,Customer_41,mitigation_3245
721,2025-09-29 20:02:36,1.14.47.31,Customer_41,mitigation_3245
722,2025-09-29 21:02:20,1.14.50.6,Customer_41,mitigation_3245
723,2025-09-29 16:07:32,1.14.51.234,Customer_41,mitigation_3245
724,2025-09-29 22:17:30,1.14.73.166,Customer_41,mitigation_3245
725,2025-09-29 20:57:44,1.14.79.38,Customer_41,mitigation_3245
726,2025-09-29 21:09:40,1.14.85.231,Customer_41,mitigation_3245
727,2025-09-29 21:35:11,1.14.95.57,Customer_41,mitigation_3245
728,2025-09-29 21:18:41,1.14.98.200,Customer_41,mitigation_3245
729,2025-09-29 19:55:14,1.14.102.48,Customer_41,mitigation_3245
730,2025-09-29 20:30:50,1.14.102.252,Customer_41,mitigation_3245
731,2025-09-29 20:57:56,1.14.107.56,Customer_41,mitigation_3245
732,2025-09-29 21:52:57,1.14.111.83,Customer_41,mitigation_3245
733,2025-09-29 21:36:59,1.14.112.175,Customer_41,mitigation_3245
734,2025-09-29 19:55:26,1.14.113.218,Customer_41,mitigation_3245
735,2025-09-29 23:32:17,1.14.114.191,Customer_41,mitigation_3245
736,2025-09-29 22:10:22,1.14.123.129,Customer_41,mitigation_3245
737,2025-09-29 22:57:50,1.14.124.152,Customer_41,mitigation_3245
738,2025-09-29 20:06:04,1.14.129.235,Customer_41,mitigation_3245
739,2025-09-29 22:33:04,1.14.132.177,Customer_41,mitigation_3245
740,2025-09-29 22:05:47,1.14.137.219,Customer_41,mitigation_3245
741,2025-09-29 21:35:09,1.14.138.213,Customer_41,mitigation_3245
742,2025-09-29 22:17:41,1.14.139.100,Customer_41,mitigation_3245
743,2025-09-29 20:19:19,1.14.140.180,Customer_41,mitigation_3245
744,2025-09-29 21:59:44,1.14.140.231,Customer_41,mitigation_3245
745,2025-09-29 20:37:36,1.14.143.183,Customer_41,mitigation_3245
746,2025-09-29 23:10:18,1.14.145.136,Customer_41,mitigation_3245
747,2025-09-29 23:12:20,1.14.146.120,Customer_41,mitigation_3245
748,2025-09-29 22:27:24,1.14.155.82,Customer_41,mitigation_3245
749,2025-09-29 23:22:14,1.14.157.99,Customer_41,mitigation_3245
750,2025-09-29 21:42:30,1.14.158.91,Customer_41,mitigation_3245
751,2025-09-29 22:53:17,1.14.161.36,Customer_41,mitigation_3245
752,2025-09-29 20:06:14,1.14.161.181,Customer_41,mitigation_3245
753,2025-09-29 00:39:15,1.14.162.89,Customer_41,mitigation_3245
754,2025-09-29 20:37:47,1.14.166.113,Customer_41,mitigation_3245
755,2025-09-29 19:57:37,1.14.167.119,Customer_41,mitigation_3245
756,2025-09-29 20:33:45,1.14.172.51,Customer_41,mitigation_3245
757,2025-09-29 20:28:47,1.14.172.202,Customer_41,mitigation_3245
758,2025-09-29 20:39:26,1.14.172.239,Customer_41,mitigation_3245
759,2025-09-29 21:21:58,1.14.173.158,Customer_41,mitigation_3245
760,2025-09-29 21:06:12,1.14.179.177,Customer_41,mitigation_3245
761,2025-09-29 20:33:45,1.14.181.113,Customer_41,mitigation_3245
762,2025-09-29 20:31:21,1.14.182.60,Customer_41,mitigation_3245
763,2025-09-29 20:11:33,1.14.183.85,Customer_41,mitigation_3245
764,2025-09-29 22:44:16,1.14.188.135,Customer_41,mitigation_3245
765,2025-09-29 23:17:27,1.14.197.241,Customer_41,mitigation_3245
766,2025-09-29 19:55:25,1.14.205.2,Customer_41,mitigation_3245
767,2025-09-29 21:24:21,1.14.206.39,Customer_41,mitigation_3245
768,2025-09-29 23:31:24,1.14.209.8,Customer_41,mitigation_3245
769,2025-09-29 23:21:07,1.14.215.64,Customer_41,mitigation_3245
770,2025-09-29 20:51:32,1.14.215.167,Customer_41,mitigation_3245
771,2025-09-29 22:25:01,1.14.217.69,Customer_41,mitigation_3245
772,2025-09-29 20:19:04,1.14.222.247,Customer_41,mitigation_3245
773,2025-09-29 21:00:41,1.14.224.49,Customer_41,mitigation_3245
774,2025-09-29 21:01:58,1.14.229.165,Customer_41,mitigation_3245
775,2025-09-29 21:26:10,1.14.230.112,Customer_41,mitigation_3245
776,2025-09-29 21:02:32,1.14.233.180,Customer_41,mitigation_3245
777,2025-09-29 23:02:57,1.14.235.47,Customer_41,mitigation_3245
778,2025-09-29 21:51:18,1.14.235.139,Customer_41,mitigation_3245
779,2025-09-29 21:40:28,1.14.240.246,Customer_41,mitigation_3245
780,2025-09-29 21:24:21,1.14.246.207,Customer_41,mitigation_3245
781,2025-09-29 21:06:33,1.14.253.112,Customer_41,mitigation_3245
782,2025-09-29 21:25:27,1.15.6.116,Customer_41,mitigation_3245
783,2025-09-29 20:31:54,1.15.7.12,Customer_41,mitigation_3245
784,2025-09-29 20:11:22,1.15.11.244,Customer_41,mitigation_3245
785,2025-09-29 23:28:17,1.15.14.156,Customer_41,mitigation_3245
786,2025-09-29 22:17:09,1.15.16.80,Customer_41,mitigation_3245
787,2025-09-29 22:20:38,1.15.19.26,Customer_41,mitigation_3245
788,2025-09-29 19:59:06,1.15.26.153,Customer_41,mitigation_3245
789,2025-09-29 23:50:38,1.15.27.182,Customer_41,mitigation_3245
790,2025-09-29 23:54:40,1.15.34.90,Customer_41,mitigation_3245
791,2025-09-29 21:38:16,1.15.35.22,Customer_41,mitigation_3245
792,2025-09-29 22:20:48,1.15.35.65,Customer_41,mitigation_3245
793,2025-09-28 23:20:57,1.15.37.139,Customer_41,mitigation_3245
794,2025-09-29 22:48:30,1.15.37.203,Customer_41,mitigation_3245
795,2025-09-29 22:31:59,1.15.41.61,Customer_41,mitigation_3245
796,2025-09-29 23:22:46,1.15.55.193,Customer_41,mitigation_3245
797,2025-09-29 20:06:03,1.15.57.151,Customer_41,mitigation_3245
798,2025-09-29 21:28:34,1.15.67.125,Customer_41,mitigation_3245
799,2025-09-29 20:16:51,1.15.74.46,Customer_41,mitigation_3245
800,2025-09-29 20:27:51,1.15.79.105,Customer_41,mitigation_3245
801,2025-09-29 20:06:47,1.15.79.116,Customer_41,mitigation_3245
802,2025-09-29 23:08:18,1.15.89.174,Customer_41,mitigation_3245
803,2025-09-29 21:51:29,1.15.92.211,Customer_41,mitigation_3245
804,2025-09-29 22:14:12,1.15.95.202,Customer_41,mitigation_3245
805,2025-09-29 23:27:54,1.15.96.221,Customer_41,mitigation_3245
806,2025-09-29 21:47:28,1.15.97.220,Customer_41,mitigation_3245
807,2025-09-29 11:26:16,1.15.105.134,Customer_41,mitigation_3245
808,2025-09-29 20:22:56,1.15.110.25,Customer_41,mitigation_3245
809,2025-09-29 23:20:57,1.15.121.237,Customer_41,mitigation_3245
810,2025-09-29 20:08:25,1.15.124.179,Customer_41,mitigation_3245
811,2025-09-29 23:46:58,1.15.130.118,Customer_41,mitigation_3245
812,2025-09-29 20:51:53,1.15.130.206,Customer_41,mitigation_3245
813,2025-09-29 21:30:24,1.15.139.164,Customer_41,mitigation_3245
814,2025-09-29 23:27:10,1.15.141.197,Customer_41,mitigation_3245
815,2025-09-29 20:32:39,1.15.143.27,Customer_41,mitigation_3245
816,2025-09-29 22:39:09,1.15.145.106,Customer_41,mitigation_3245
817,2025-09-29 22:32:33,1.15.151.23,Customer_41,mitigation_3245
818,2025-09-29 20:37:47,1.15.151.60,Customer_41,mitigation_3245
819,2025-09-29 23:42:35,1.15.161.150,Customer_41,mitigation_3245
820,2025-09-29 22:52:42,1.15.162.39,Customer_41,mitigation_3245
821,2025-09-29 20:15:36,1.15.162.79,Customer_41,mitigation_3245
822,2025-09-29 21:16:50,1.15.163.110,Customer_41,mitigation_3245
823,2025-09-29 22:59:40,1.15.163.196,Customer_41,mitigation_3245
824,2025-09-29 20:13:34,1.15.167.37,Customer_41,mitigation_3245
825,2025-09-29 21:29:51,1.15.168.124,Customer_41,mitigation_3245
826,2025-09-29 21:29:29,1.15.173.107,Customer_41,mitigation_3245
827,2025-09-29 23:31:01,1.15.176.103,Customer_41,mitigation_3245
828,2025-09-29 21:31:29,1.15.192.73,Customer_41,mitigation_3245
829,2025-09-29 21:50:22,1.15.194.252,Customer_41,mitigation_3245
830,2025-09-29 22:23:35,1.15.195.82,Customer_41,mitigation_3245
831,2025-09-29 22:28:19,1.15.199.185,Customer_41,mitigation_3245
832,2025-09-29 21:12:26,1.15.208.121,Customer_41,mitigation_3245
833,2025-09-29 22:34:24,1.15.212.101,Customer_41,mitigation_3245
834,2025-09-29 22:45:13,1.15.215.33,Customer_41,mitigation_3245
835,2025-09-29 22:59:19,1.15.224.212,Customer_41,mitigation_3245
836,2025-09-29 20:46:45,1.15.230.237,Customer_41,mitigation_3245
837,2025-09-29 20:19:28,1.15.241.143,Customer_41,mitigation_3245
838,2025-09-29 22:42:14,1.15.248.171,Customer_41,mitigation_3245
839,2025-09-29 23:48:04,1.15.253.13,Customer_41,mitigation_3245
840,2025-09-29 21:42:19,1.15.255.110,Customer_41,mitigation_3245
841,2025-09-29 23:02:27,1.16.3.210,Customer_41,mitigation_3245
842,2025-09-29 20:45:07,1.16.4.91,Customer_41,mitigation_3245
843,2025-09-29 21:29:51,1.16.6.214,Customer_41,mitigation_3245
844,2025-09-29 21:15:33,1.16.15.6,Customer_41,mitigation_3245
845,2025-09-29 23:27:00,1.16.22.137,Customer_41,mitigation_3245
846,2025-09-29 23:31:35,1.16.28.79,Customer_41,mitigation_3245
847,2025-09-29 21:49:50,1.16.28.82,Customer_41,mitigation_3245
848,2025-09-29 23:57:59,1.16.28.208,Customer_41,mitigation_3245
849,2025-09-29 18:58:58,1.16.32.62,Customer_41,mitigation_3245
850,2025-09-29 21:42:19,1.16.38.206,Customer_41,mitigation_3245
851,2025-09-29 22:49:14,1.16.41.87,Customer_41,mitigation_3245
852,2025-09-29 22:08:31,1.16.43.252,Customer_41,mitigation_3245
853,2025-09-29 22:37:41,1.16.49.47,Customer_41,mitigation_3245
854,2025-09-29 23:51:43,1.16.49.75,Customer_41,mitigation_3245
855,2025-09-29 20:02:35,1.16.52.254,Customer_41,mitigation_3245
856,2025-09-29 22:14:58,1.16.55.111,Customer_41,mitigation_3245
857,2025-09-29 20:32:38,1.16.55.116,Customer_41,mitigation_3245
858,2025-09-29 23:26:38,1.16.68.62,Customer_41,mitigation_3245
859,2025-09-29 21:13:43,1.16.72.61,Customer_41,mitigation_3245
860,2025-09-29 22:01:55,1.16.72.241,Customer_41,mitigation_3245
861,2025-09-29 21:11:42,1.16.77.63,Customer_41,mitigation_3245
862,2025-09-29 20:09:44,1.16.78.118,Customer_41,mitigation_3245
863,2025-09-29 22:54:43,1.16.85.18,Customer_41,mitigation_3245
864,2025-09-29 22:46:39,1.16.89.81,Customer_41,mitigation_3245
865,2025-09-29 22:53:50,1.16.89.95,Customer_41,mitigation_3245
866,2025-09-29 20:36:52,1.16.92.72,Customer_41,mitigation_3245
867,2025-09-29 22:19:42,1.16.92.151,Customer_41,mitigation_3245
868,2025-09-29 21:56:36,1.16.94.232,Customer_41,mitigation_3245
869,2025-09-29 19:58:11,1.16.96.123,Customer_41,mitigation_3245
870,2025-09-29 14:26:42,1.16.105.124,Customer_41,mitigation_3245
871,2025-09-29 23:22:14,1.16.106.52,Customer_41,mitigation_3245
872,2025-09-29 22:16:03,1.16.106.72,Customer_41,mitigation_3245
873,2025-09-29 20:41:59,1.16.106.223,Customer_41,mitigation_3245
874,2025-09-29 21:08:46,1.16.108.182,Customer_41,mitigation_3245
875,2025-09-29 21:48:43,1.16.109.92,Customer_41,mitigation_3245
876,2025-09-29 21:53:06,1.16.117.3,Customer_41,mitigation_3245
877,2025-09-29 23:20:23,1.16.118.251,Customer_41,mitigation_3245
878,2025-09-29 23:47:20,1.16.122.73,Customer_41,mitigation_3245
879,2025-09-29 19:57:48,1.16.122.146,Customer_41,mitigation_3245
880,2025-09-29 23:47:53,1.16.129.92,Customer_41,mitigation_3245
881,2025-09-29 23:17:39,1.16.136.113,Customer_41,mitigation_3245
882,2025-09-29 21:54:59,1.16.140.111,Customer_41,mitigation_3245
883,2025-09-29 20:37:36,1.16.145.15,Customer_41,mitigation_3245
884,2025-09-29 21:23:03,1.16.154.100,Customer_41,mitigation_3245
885,2025-09-29 23:36:09,1.16.156.70,Customer_41,mitigation_3245
886,2025-09-29 23:53:34,1.16.158.182,Customer_41,mitigation_3245
887,2025-09-29 22:57:29,1.16.165.53,Customer_41,mitigation_3245
888,2025-09-29 20:26:03,1.16.167.23,Customer_41,mitigation_3245
889,2025-09-29 22:34:13,1.16.168.42,Customer_41,mitigation_3245
890,2025-09-29 21:56:36,1.16.172.67,Customer_41,mitigation_3245
891,2025-09-29 21:02:43,1.16.174.63,Customer_41,mitigation_3245
892,2025-09-29 21:07:06,1.16.175.44,Customer_41,mitigation_3245
893,2025-09-29 21:16:51,1.16.176.251,Customer_41,mitigation_3245
894,2025-09-29 20:06:15,1.16.186.185,Customer_41,mitigation_3245
895,2025-09-29 20:33:33,1.16.195.177,Customer_41,mitigation_3245
896,2025-09-29 20:40:43,1.16.196.155,Customer_41,mitigation_3245
897,2025-09-29 23:03:09,1.16.198.88,Customer_41,mitigation_3245
898,2025-09-29 23:37:59,1.16.201.185,Customer_41,mitigation_3245
899,2025-09-29 22:32:22,1.16.209.229,Customer_41,mitigation_3245
900,2025-09-29 20:27:41,1.16.212.90,Customer_41,mitigation_3245
901,2025-09-29 21:50:22,1.16.212.234,Customer_41,mitigation_3245
902,2025-09-29 22:39:53,1.16.215.100,Customer_41,mitigation_3245
903,2025-09-29 21:02:43,1.16.220.158,Customer_41,mitigation_3245
904,2025-09-29 20:35:46,1.16.223.48,Customer_41,mitigation_3245
905,2025-09-29 22:51:03,1.16.225.33,Customer_41,mitigation_3245
906,2025-09-29 22:29:48,1.16.227.153,Customer_41,mitigation_3245
907,2025-09-29 20:38:54,1.16.239.153,Customer_41,mitigation_3245
908,2025-09-29 21:36:25,1.16.242.156,Customer_41,mitigation_3245
909,2025-09-29 21:59:54,1.16.245.161,Customer_41,mitigation_3245
910,2025-09-29 23:10:52,1.16.246.2,Customer_41,mitigation_3245
911,2025-09-29 23:39:39,1.16.248.103,Customer_41,mitigation_3245
912,2025-09-29 19:57:16,1.16.252.145,Customer_41,mitigation_3245
913,2025-09-29 20:36:07,1.17.12.154,Customer_41,mitigation_3245
914,2025-09-29 23:17:38,1.17.17.151,Customer_41,mitigation_3245
915,2025-09-29 22:48:41,1.17.18.146,Customer_41,mitigation_3245
916,2025-09-29 22:55:05,1.17.22.175,Customer_41,mitigation_3245
917,2025-09-29 20:46:55,1.17.32.254,Customer_41,mitigation_3245
918,2025-09-29 23:50:17,1.17.35.197,Customer_41,mitigation_3245
919,2025-09-29 22:33:15,1.17.36.245,Customer_41,mitigation_3245
920,2025-09-29 21:58:27,1.17.43.24,Customer_41,mitigation_3245
921,2025-09-29 20:01:18,1.17.45.186,Customer_41,mitigation_3245
922,2025-09-29 21:09:40,1.17.47.67,Customer_41,mitigation_3245
923,2025-09-29 23:27:21,1.17.51.2,Customer_41,mitigation_3245
924,2025-09-29 21:17:21,1.17.51.149,Customer_41,mitigation_3245
925,2025-09-29 20:55:55,1.17.54.24,Customer_41,mitigation_3245
926,2025-09-29 22:25:56,1.17.57.0,Customer_41,mitigation_3245
927,2025-09-29 21:26:21,1.17.65.36,Customer_41,mitigation_3245
928,2025-09-29 21:15:00,1.17.67.93,Customer_41,mitigation_3245
929,2025-09-29 21:24:20,1.17.72.124,Customer_41,mitigation_3245
930,2025-09-29 21:36:37,1.17.76.152,Customer_41,mitigation_3245
931,2025-09-29 23:11:35,1.17.78.169,Customer_41,mitigation_3245
932,2025-09-29 21:28:11,1.17.81.50,Customer_41,mitigation_3245
933,2025-09-29 20:43:28,1.17.82.108,Customer_41,mitigation_3245
934,2025-09-29 21:33:19,1.17.83.24,Customer_41,mitigation_3245
935,2025-09-29 21:27:39,1.17.89.96,Customer_41,mitigation_3245
936,2025-09-29 22:52:53,1.17.100.39,Customer_41,mitigation_3245
937,2025-09-29 19:00:37,1.17.108.47,Customer_41,mitigation_3245
938,2025-09-29 22:15:19,1.17.110.224,Customer_41,mitigation_3245
939,2025-09-29 22:17:41,1.17.117.95,Customer_41,mitigation_3245
940,2025-09-29 22:42:36,1.17.123.175,Customer_41,mitigation_3245
941,2025-09-29 22:43:12,1.17.127.237,Customer_41,mitigation_3245
942,2025-09-29 22:22:39,1.17.128.75,Customer_41,mitigation_3245
943,2025-09-29 21:29:39,1.17.132.238,Customer_41,mitigation_3245
944,2025-09-29 23:00:03,1.17.141.70,Customer_41,mitigation_3245
945,2025-09-29 22:01:00,1.17.142.35,Customer_41,mitigation_3245
946,2025-09-29 21:07:12,1.17.162.65,Customer_41,mitigation_3245
947,2025-09-29 20:58:40,1.17.179.225,Customer_41,mitigation_3245
948,2025-09-29 23:46:03,1.17.184.53,Customer_41,mitigation_3245
949,2025-09-29 22:53:14,1.17.188.127,Customer_41,mitigation_3245
950,2025-09-29 20:57:35,1.17.192.14,Customer_41,mitigation_3245
951,2025-09-29 22:23:34,1.17.196.50,Customer_41,mitigation_3245
952,2025-09-29 21:22:19,1.17.196.84,Customer_41,mitigation_3245
953,2025-09-29 22:24:52,1.17.197.99,Customer_41,mitigation_3245
954,2025-09-29 20:47:08,1.17.201.159,Customer_41,mitigation_3245
955,2025-09-29 20:12:28,1.17.225.157,Customer_41,mitigation_3245
956,2025-09-29 23:59:49,1.17.235.3,Customer_41,mitigation_3245
957,2025-09-29 23:04:04,1.17.242.72,Customer_41,mitigation_3245
958,2025-09-29 23:15:59,1.17.246.198,Customer_41,mitigation_3245
959,2025-09-29 23:04:39,1.17.247.45,Customer_41,mitigation_3245
960,2025-09-29 22:28:08,1.17.250.22,Customer_41,mitigation_3245
961,2025-09-29 23:01:32,1.18.4.134,Customer_41,mitigation_3245
962,2025-09-29 21:32:14,1.18.10.197,Customer_41,mitigation_3245
963,2025-09-29 22:30:43,1.18.12.197,Customer_41,mitigation_3245
964,2025-09-29 21:30:35,1.18.20.1,Customer_41,mitigation_3245
965,2025-09-29 23:42:23,1.18.21.115,Customer_41,mitigation_3245
966,2025-09-29 22:26:40,1.18.27.177,Customer_41,mitigation_3245
967,2025-09-29 22:53:06,1.18.29.33,Customer_41,mitigation_3245
968,2025-09-29 23:22:03,1.18.29.134,Customer_41,mitigation_3245
969,2025-09-29 21:14:52,1.18.31.16,Customer_41,mitigation_3245
970,2025-09-29 23:33:13,1.18.36.212,Customer_41,mitigation_3245
971,2025-09-29 21:30:02,1.18.39.149,Customer_41,mitigation_3245
972,2025-09-29 22:06:53,1.18.39.253,Customer_41,mitigation_3245
973,2025-09-29 20:24:23,1.18.40.73,Customer_41,mitigation_3245
974,2025-09-29 23:49:22,1.18.46.117,Customer_41,mitigation_3245
975,2025-09-29 23:33:45,1.18.48.179,Customer_41,mitigation_3245
976,2025-09-29 20:00:44,1.18.49.154,Customer_41,mitigation_3245
977,2025-09-29 21:43:24,1.18.49.189,Customer_41,mitigation_3245
978,2025-09-29 22:03:12,1.18.49.214,Customer_41,mitigation_3245
979,2025-09-29 22:23:02,1.18.62.88,Customer_41,mitigation_3245
980,2025-09-29 22:15:07,1.18.66.169,Customer_41,mitigation_3245
981,2025-09-29 22:50:52,1.18.67.20,Customer_41,mitigation_3245
982,2025-09-29 21:16:27,1.18.70.53,Customer_41,mitigation_3245
983,2025-09-29 22:44:49,1.18.75.105,Customer_41,mitigation_3245
984,2025-09-29 23:49:10,1.18.75.136,Customer_41,mitigation_3245
985,2025-09-29 23:35:58,1.18.86.15,Customer_41,mitigation_3245
986,2025-09-29 23:14:43,1.18.91.122,Customer_41,mitigation_3245
987,2025-09-29 23:30:39,1.18.91.138,Customer_41,mitigation_3245
988,2025-09-29 21:30:23,1.18.92.100,Customer_41,mitigation_3245
989,2025-09-29 22:29:26,1.18.95.20,Customer_41,mitigation_3245
990,2025-09-29 22:10:43,1.18.95.167,Customer_41,mitigation_3245
991,2025-09-29 21:50:01,1.18.106.0,Customer_41,mitigation_3245
992,2025-09-29 20:03:19,1.18.110.6,Customer_41,mitigation_3245
993,2025-09-29 20:46:34,1.18.113.192,Customer_41,mitigation_3245
994,2025-09-29 21:16:27,1.18.117.18,Customer_41,mitigation_3245
995,2025-09-29 21:30:02,1.18.128.230,Customer_41,mitigation_3245
996,2025-09-29 22:38:57,1.18.135.252,Customer_41,mitigation_3245
997,2025-09-29 22:03:56,1.18.150.49,Customer_41,mitigation_3245
998,2025-09-29 21:18:39,1.18.152.184,Customer_41,mitigation_3245
999,2025-09-29 20:48:37,1.18.155.86,Customer_41,mitigation_3245
